editionId,chairId
bb4ef8f3-6eac-4f7e-8429-259c32f28bbb,chair_01587
6e15ce2f-dbc2-4511-af72-c1526d1a285a,chair_06636
a6d1d0e9-d1e9-457f-952d-e0e40625e61a,chair_00158
7e315c56-1d8d-4725-8280-86bedf5ff63f,chair_09786
2f470c2d-bed7-4e81-8b8a-67a3b29b5fb6,chair_11229
20fada34-727c-4ec2-bac4-664c5d723b01,chair_10069
94c0cc01-c577-4d5d-b102-2fcb6512a46c,chair_00403
1b756811-9ff9-4a45-8bf0-1ad9ebe4bf20,chair_09451
028fc032-0b1e-476e-9b47-fc17a71c999b,chair_07603
fd7cd9c3-05b3-4aa7-be8d-3ae12e8146f0,chair_05694
5cf4ca49-dc84-4302-b0b0-55b10df8f3e3,chair_08013
b9c74f04-bd23-4b93-b4ab-662b695fe449,chair_11540
64e6ba4e-87f0-46a2-8ae7-1f55a05f3eaf,chair_08524
ba1cb414-003d-4313-a4ca-c55436d0db66,chair_08762
d3c484e3-fc60-4e73-94cc-ca8285ebfe11,chair_05793
3cc353d2-8540-440a-a952-cd42bb2045bc,chair_01865
48aee7d3-ea4e-4416-84eb-ff20d7b88f94,chair_06563
ef90fca3-8d13-4120-92bc-80e900aa931b,chair_06531
83c3f94e-9b46-480c-a659-0c5daf7b3b9f,chair_01383
6021684d-8596-49d3-b02b-fbace93a86dc,chair_09217
e051bac0-e18a-4b26-90aa-e751a93eee93,chair_00303
253d8255-2a89-4607-a93c-a612bedce60c,chair_08171
d320e9e3-41e5-4c4f-89a6-6774f571614c,chair_06493
a1ecbc56-fdff-400b-b5ef-2f5dbfa540eb,chair_04272
96ad007f-3479-4aec-ad78-582f692ccc8d,chair_05119
4d369177-d251-4123-85a3-f08e6ae48640,chair_04356
a576bc87-cb6f-4542-b24a-aff5c36beeff,chair_09818
69575fb2-34a6-454f-b1f3-61c04f6bf654,chair_00787
085f8374-5b41-44f5-ae91-7d7b2e93c672,chair_04599
03f38b13-8558-450e-9cd7-29b284f3e7aa,chair_03660
0351d8f9-75b9-4aca-885b-c01c40af99d6,chair_09667
6f962ecd-82fe-4032-bf55-a59faf59bdd0,chair_04734
1088ac66-0110-4112-8eed-3f424720b905,chair_11001
ca965d44-f5e9-49d4-83b8-4a3c6a64e576,chair_11569
92255d44-2ce2-4a0c-af25-61e2085a1b01,chair_06532
5baef818-3e72-4a25-9a4c-2242317cf153,chair_01228
5f01d6e9-22c0-443c-ba76-d0c27e319304,chair_07114
b2b4c2cb-6e56-4a28-8a84-80ab566d7f8b,chair_10599
f4f490f0-1f24-4605-91ea-ad1805ec766a,chair_02316
e7d6cbb9-f5a8-4727-96fa-2e0e92e9ab77,chair_02051
8ea396cf-144f-4858-a0fa-3f98e912cea5,chair_11297
7490a3b8-fe09-49a9-ad03-bd19d97090af,chair_02768
30df5c89-7bfa-42d9-bf42-77533a936615,chair_07639
c8ba3bf3-0957-47a7-922b-d0749ed938d0,chair_11302
bccafab1-de7e-46fc-8a82-4be7e853f280,chair_07274
c76d2c0e-6b11-4d50-b3e2-be209a91c379,chair_02167
57ecd68d-e31b-4720-988d-1bd9a86b574c,chair_07071
9648753a-bed2-44cf-8b45-10276917fae3,chair_01715
a4e2607b-9590-4bfe-b592-1b84d3c0b066,chair_00306
1c7bb804-267b-4049-90a7-106a6b3aa5d9,chair_05579
638666b5-28b4-4954-bb44-13ae32af8d06,chair_04401
3b5bd6a5-8370-4ad2-978c-6b50de154653,chair_10620
9cb5f935-43a7-479d-ba56-2ff911fde4e4,chair_00617
ff8338fb-9fb5-4247-824e-5cdab2491ca7,chair_02776
b22d0d73-4dd9-45c8-a524-e43822e49153,chair_06252
f23caebc-8e63-46d0-9a7b-04199132f360,chair_00317
837aeb5c-d6dc-43df-8eb7-5073c52e024f,chair_02951
e3c13484-f1ee-42d8-b435-75af1095ce5d,chair_08573
f0ee443a-59c1-4e34-9b15-b895e6852e37,chair_10645
6a22c83b-720c-40ac-b127-cc752fb18085,chair_04953
a363d44f-0340-4978-b667-b521de4fedce,chair_06755
ed9a3386-4aa3-4aef-bb64-3d03f206ba35,chair_05828
ef611ad0-5bfa-4e0a-b6a8-af6f4bfbb453,chair_05425
c824f020-5394-499a-92ef-0442ff684ad5,chair_09581
906155f3-cfca-4d29-ab83-1e33af2bcd24,chair_02329
7f810a66-0d1c-43e1-8489-3c38d005dd9c,chair_01492
6c2ca620-d11b-441f-9401-2b54f3b0c061,chair_11589
9367be5c-b225-4e58-ad0d-591816af0ad0,chair_08691
edef7b0f-1acb-492d-850f-b1ee9fd13859,chair_09630
553a8233-b278-428f-8034-0738875a2399,chair_05195
1a35141c-49dc-401d-8723-8f91cadc7f16,chair_06277
60057d69-1c24-4730-bcbe-d77b0c3c372e,chair_08863
4aa4257a-8275-490a-869a-9149eecc2cdb,chair_08310
749b0914-f8d0-448b-8b4d-27c5d627efdc,chair_06566
760bb69d-db6c-4327-b796-3d92ef9882a2,chair_04099
8094bbd7-f978-4346-8be8-05e3edcaeb2b,chair_10237
d5105156-a43d-42c8-84bb-a5ca0553e6ed,chair_09440
fea45742-7a40-446b-b167-324294469a5a,chair_03559
0bf1ee10-a228-4363-a71e-08512c096d44,chair_03146
2684c246-227c-4df0-811e-3d50230718dc,chair_10956
f4248227-62c2-40a5-9a89-3473825a98ee,chair_09585
fab8a660-7d26-4116-9261-a914eb333d85,chair_07370
a4820f34-489c-4ce3-acb8-4a87c6826a65,chair_04497
797c41af-364e-44b6-a3f5-97e22f8daaf9,chair_05772
5591ccec-6862-42ab-9c7b-21ba67cdd330,chair_03117
841f9bee-1cf1-4635-9c49-84d18aeda18c,chair_09937
231e155d-c09d-47cd-85d2-2178d89e5f3b,chair_01039
a58374ea-abcf-45a9-b2a6-d4f30aa0955a,chair_08721
4011f50b-fd81-42f3-8b4c-8f8b97ba6cf1,chair_00699
f9adaf4a-b6cb-43f1-a256-9fc7d973c44f,chair_02888
56e76585-df3a-45b7-9507-c6af87306fdb,chair_03823
d32c29b1-7b30-4ac9-9b4b-00aa5cd19fd2,chair_08866
42002d24-9d21-408d-887c-0cfdeaacce80,chair_04818
81367517-74a6-4e1d-8a99-5c99169e1bc1,chair_09118
4d5f876b-9913-4dd1-b2ec-df8af41381aa,chair_07224
8c5796d8-b6f8-4581-9bb0-1ec8e9ca7f54,chair_06728
56cff075-05bc-42a4-9f11-25c5c42f1c3a,chair_01381
3fee01c2-3f3e-4904-aae5-336cdc8bef97,chair_10470
6ab0cb3c-574a-486a-93cf-db560d235b4b,chair_04977
66694cb0-ced3-4d8f-9392-9abca176e93e,chair_04976
12f22332-86f2-427f-ac83-030f79f320c0,chair_04179
064b7c50-3c3f-4e29-8a16-5a3e4241c39b,chair_03668
4edfb8b4-1153-463b-8b74-7c68dda4303c,chair_03680
9c7a4417-57ea-4722-a6af-fabc9629ac2c,chair_10972
f58dd7f8-8556-4394-b558-c8b6394c7377,chair_11074
363be3a9-375b-480a-a4e8-0ea82c3373d6,chair_07229
c4986927-ea36-4f0e-bf23-eecf1384bb28,chair_03799
db8c7db0-1ccd-46e6-a102-b67dc9592c77,chair_06189
3add2063-f2de-44ea-8181-e75e3e0e411d,chair_10554
ff3e7bf3-cf7a-4353-b94c-7a58f98dabea,chair_10584
50e36986-f877-4903-98cd-bd2fb73247e0,chair_00607
f01ece23-b6cc-4ae5-bbad-a3122ef7e48d,chair_10166
f1a230a0-2d15-4cce-aaed-6bec100b1e03,chair_01015
0afc29e0-8092-4cb6-9ed7-ab5ed177cbbd,chair_08391
d8907338-d8b0-4420-90f7-6d1c9ca074f8,chair_05396
b25079a6-c538-4aaa-9e5a-6b8502aaf19a,chair_07183
dcaa00ad-4b7c-4cce-9ad3-f5d4cddd55ac,chair_05562
07f1ab29-eb49-4a69-9b84-123b52384310,chair_03650
43db2057-214e-4058-8668-ea262b42e6af,chair_07666
3f338a41-8d8e-4d08-81e4-48e3cd1e6d02,chair_09878
aac666cb-9f85-4839-87c0-17e303d75807,chair_05013
69a19efe-a4cb-4cf9-a8a5-11f6de0917e1,chair_07255
b54dbc77-dc91-404f-9f6b-5212f03ea35d,chair_06429
e8d56828-cfc9-47b8-b55d-fd160c9ccb00,chair_03541
b596805b-3859-43ef-ab97-0a7ba4af4577,chair_01716
467343e2-7eae-4089-bfd6-514896ab9aae,chair_08662
3cdd69f2-3ccc-4ce4-8751-d6f10841407b,chair_03569
a8660214-785a-4848-a921-ca0bc2d543e0,chair_10714
d9a4435c-a999-4657-b3d8-66fb24d5ba3f,chair_04177
4b9e81e0-1f0b-4eca-9006-a3087f9c53c8,chair_02945
6b459e1c-dd94-42e6-8a7a-a88c4e40f697,chair_11641
35d10b6c-1ffb-42f3-91d4-b62cd2594047,chair_09379
354e80ad-371c-45db-84cc-81566b97a60d,chair_00263
95db53c6-f8a9-4519-8a56-f8dfe407682d,chair_00214
1df7b16a-5d17-4c0d-91cc-eedd645969b2,chair_02597
41934685-f3de-46aa-ad2e-cfc6ab99ab38,chair_04678
18896698-4c21-4af8-a8ec-d3fd4f770fd1,chair_09727
d89d45f4-a0f6-4251-897e-59a4e51dd87e,chair_02719
c9cc8417-f48e-4434-9df0-b1fa929111f2,chair_10524
2cfeba21-075b-4cc8-bb5d-2f1cf4861c69,chair_07983
1d3eb10e-7bde-4c18-9401-951010a6d4d9,chair_08802
4553a840-d398-4421-a1c2-97688609b466,chair_05602
2b8ed035-56ac-434b-aa50-31f21146c387,chair_02574
8780249c-0e1e-4c14-ab92-56355a4789a6,chair_03321
c1f92837-73de-4ed6-b919-56f2a7a11a77,chair_04840
eac4c471-a107-4690-b1ac-c6c48fb9b71e,chair_06546
5a3f98a8-31e9-49f9-9ac4-df3b70ebad0a,chair_10789
a80949ed-d045-4866-8a21-7ae20ee5c0b9,chair_01285
a58581e9-3d86-4569-ada2-e0e7b1e8b8bf,chair_05200
4368efd2-f39c-444c-aa2a-242880ca2466,chair_01137
d57904bd-7378-46fe-87e7-9a339c3199f9,chair_02616
19de3382-1966-4c10-8105-a34b26e74dd4,chair_01825
95a73b51-b148-40bb-95a1-a928da2538be,chair_06988
9868586c-f651-459a-8cbd-ae60a86f14d6,chair_08060
a3d7da54-d57d-42bc-a0e5-98b5355a5560,chair_06607
80d85f5d-d295-4fb0-97a3-015092db28d4,chair_00075
02732534-8787-41cc-89a3-8d47ba6acab3,chair_08570
2b5affd6-4eb8-4724-9e66-fb27abdf988b,chair_09971
df8d44c0-ff26-4272-ab2d-191fd838dae3,chair_06700
a271a98e-8bd0-40ef-8acc-f2a840b97e61,chair_00725
1c2deb82-3a12-4dd0-a551-b380b509de9f,chair_01453
5edb6be2-63df-4dc9-95b6-85b926d0d87f,chair_00324
ed1954cf-3d5e-4dbc-853c-1710fe0faa80,chair_06195
cf421a05-5402-4621-952a-e8b3aa53dc67,chair_07000
d737b2bc-92b9-4d09-8f7b-18d90723a59e,chair_05200
b0b6b5a5-a261-4e9c-8785-b3382f018d7a,chair_08285
5d19c715-d67e-45e3-a62a-da2a572345e3,chair_10186
746a8251-2a9c-4caf-9f5f-d94b2f06575b,chair_07304
ee21d237-11c9-4ff5-aa6f-450c4cbe0de9,chair_08226
4f9f40c7-f214-408f-bba2-ab61940a691c,chair_11104
0a8e8369-f14d-49b4-9685-3a473b6d635f,chair_02623
2c5327b3-a577-4045-a277-416734bbdf21,chair_11562
ce327f4a-871b-46f6-a3ab-c155b055ff61,chair_05087
e929ae93-3b14-4f5a-8111-9dc499e6b3e4,chair_02121
e653fb17-c21c-40a6-bd12-78f55a47521f,chair_06055
0e2a959a-feb5-4098-b931-637dd1726bd6,chair_06907
cd35539a-28d9-4c51-9015-d88b8a83ab9e,chair_05907
be09e7fb-47fa-47d6-8c52-d2630836e46b,chair_09050
4e3e7b35-85a5-4587-b8af-74f3721b944c,chair_02143
e2f793c6-eb39-415a-906d-5c4387aaab8a,chair_09448
4dc5910f-cc00-4e37-81fc-38781c9be6bb,chair_03581
7da53faf-36e0-4416-9bb6-9bd0f50c2837,chair_09123
efbeec43-0afe-4708-a67c-efeec6dcb816,chair_05401
35eb9211-ee57-4a6b-b323-2b1a9849547b,chair_04105
ff744f05-5103-4c6b-a0ec-167b11047442,chair_11509
760ed92f-a592-406e-8d91-161eff52032e,chair_10464
4ed69868-6bf7-40f9-a5ab-008cb7e5738e,chair_00681
7b7c7036-8d99-4a98-b67b-41477f45bc36,chair_10289
1e35852e-2fea-46e0-bc52-b0004307edd7,chair_10798
6e5a81f1-1c4d-4394-b626-5c5ab0d12c9c,chair_04925
561cebc2-e686-4431-8aa7-83ee910a345c,chair_04827
97ffffec-0e18-43e6-9f91-9bc5f847d56b,chair_10257
14fc3a47-ea59-4eb3-a077-00a92e0e117e,chair_05518
9f9c40c0-1034-49ac-99ca-c216844cf587,chair_00292
514308b2-00d2-4e0e-ade3-281e1d70cff6,chair_11296
2be4a363-dbbe-4df6-a9fb-a28ef5d6b257,chair_03811
3d3fc7c2-ce3d-4377-a923-fc2276eb8a5e,chair_09409
d028821e-607e-4a95-9082-b0e8076c36be,chair_09020
32b8547a-ae6a-4fee-bffe-e9dec71a90ac,chair_06544
0b306800-3fde-4197-9f6d-046e769004b5,chair_03173
a855967b-0036-4c92-b1e8-9bbb3cd926e7,chair_08635
54a0c822-12b3-4094-9702-3352f20c10fa,chair_03253
dcbe51f5-79e0-47fb-ae2a-3569d3a9cc1c,chair_04158
f0af7c3d-0e75-4907-b074-1e0860aa11b7,chair_06177
c2021086-1f99-4e5c-80b7-da6c1949d586,chair_06391
fb0dfbf9-d902-4322-8850-25c101dbb283,chair_09875
f04de9d6-b6d9-443a-8c48-ea34e46be528,chair_00372
7e809d70-ae66-4e7e-b58b-bff1ac19f90b,chair_08572
4fda8d84-9b93-4532-99b9-b6b308a982a1,chair_01963
3834cff8-506a-483b-97a4-b9c87bceb490,chair_04219
69c13091-83a7-4979-bf74-e69cc7668110,chair_04821
4668ff64-11ca-4e7b-aed0-7720026959bc,chair_09948
c24b415d-3d5e-4f2b-9486-7b27a152f60e,chair_08701
81d1cbe5-8d5f-4500-b975-e43318b7da23,chair_06412
f0035711-9dae-4049-aeed-dc306e5b9767,chair_00714
6a524010-8d4b-45cf-843c-52c5d493f71e,chair_02252
ba91ac96-b6cc-4bd4-b2a7-44bf8b4eaa33,chair_09913
58d43d4d-1801-4132-b925-6e192c7a8761,chair_06627
f1ecc46b-5477-4262-9d0b-0502aa598ad7,chair_05419
b0bfc454-2dd0-4487-a1e7-34dcf86a4518,chair_03689
0c691267-7753-4f7d-a493-317574148dc9,chair_03004
a99e0041-7196-446e-b1d0-8aa2cef4423d,chair_11262
7a692ead-2878-4c11-a7b7-b18f4135013b,chair_09108
b5184f98-4916-47b9-9bb3-af80dca81104,chair_11628
26e2c1df-3dc6-4434-beb6-4359478ad77e,chair_03653
7d774965-51f6-4945-a357-e05b062bc2b1,chair_01258
c40784e2-86d1-4708-b8e6-efbece11b8ce,chair_05646
3ee0275c-7ef5-47cb-a6af-753627d971f5,chair_10860
c969d384-8c03-41e7-ac17-4d934983d29c,chair_03300
ced6ff28-5e84-40aa-b7e9-8c6460f15319,chair_00364
159ede0e-384c-4659-8904-cdc1ca758f0d,chair_07855
7df30e45-2bd3-4352-a71e-e477bf70c415,chair_00273
699e7f48-4c29-4b47-8ea0-2f6521b59dd8,chair_07640
dda3ccbe-b381-4296-9095-4a3ab9a816e0,chair_09846
4cb59219-5510-45ca-9ed9-f0975c37c264,chair_01711
33dafe97-d8d6-4621-8be8-3d1d6d45a20d,chair_10125
ab473c29-e8af-494a-9958-162a7c99a234,chair_00696
96ba2ce1-f8d9-412e-a51a-9df09f8b20cc,chair_04776
99cc37e3-a820-4657-a0ab-56724e65dc4b,chair_11559
5b6c8c11-c4b6-4260-89ed-59f9a05d8707,chair_08633
0a8919a2-b48c-4973-9843-145c606a30e3,chair_11404
f139c72e-1dd0-4116-9881-8c76aa546935,chair_08130
3f9eb62a-183a-4317-9f9e-caf9fc12a457,chair_08461
bbe28836-eaad-4696-98e5-04e42326ee74,chair_06961
4949654e-c83a-4ca1-a378-89569248e16c,chair_00375
e65d5ac3-1667-483a-bbca-6e32b93ad284,chair_01241
3ae98f39-8d4c-4a9a-ab4e-a497b65ffa05,chair_05881
f1083d87-d374-4035-b08f-0470b9a83197,chair_01018
11c24058-b5bc-4737-991b-083103dd0c1d,chair_08448
2ce4ec2e-6b09-4121-88d9-64d143ed7de9,chair_10442
8be90c8b-5c87-48ce-9b4d-aedbed529871,chair_03702
29b60eac-d51e-40d3-82cb-0bf418f6af91,chair_03912
ccd17ef1-0505-4cd1-b75c-c9b329ab01ef,chair_04541
894feae7-9461-41a7-a0a1-ede66f85e1bc,chair_05223
0ecea8de-654d-49a1-b171-714fe4dc0806,chair_01155
6c38db0a-bea1-45c8-86c3-771a32e011ae,chair_02939
1ddb1c14-008c-48b2-92de-166e6d52bd06,chair_09932
40d5e94d-d104-4b91-ae56-94427ec9e18d,chair_08648
981d9168-99c5-49f1-9c62-59b31291c5a3,chair_02441
6c7a4de2-c327-4615-a209-4e6285fd1856,chair_09878
1666e77a-3d13-44da-832c-aed947030e65,chair_10578
919a3f78-6dd4-4eac-9e80-0df85b43488c,chair_04121
07b5c116-7a3e-4c68-9470-772beeb0b1e5,chair_05687
3b596c69-287a-4acd-867e-a0c7a72834df,chair_04479
067f6575-9361-4f6d-8512-1a8f35046a09,chair_01425
06ac4eb2-9eac-489f-93d1-7d92d3ccc3a5,chair_08323
e3811048-d34a-4325-a826-c34d78ea42f8,chair_03420
8254da8e-f912-41e2-90c2-722106215a55,chair_03266
710154bd-ea0f-4803-a959-b37eee78dfac,chair_08130
bbbf6548-6eef-4ad7-bc36-4489d3e19624,chair_09177
f65c8f9b-8c8c-4168-b421-26ef94a1243f,chair_08535
ef2c2d4e-878f-4ce8-9b50-2467d43e2080,chair_01771
eb1b6f3b-ef04-4ec5-abf0-720f9bc00a65,chair_04986
ee01a546-a65b-4dad-9855-0cf1ba9b3488,chair_10660
1bde7de7-d92a-4c81-b3bd-1f9039260d3a,chair_08052
344b2b80-81ad-4510-ad33-ef50ffac4240,chair_11608
9b0df002-dbbe-47a7-9bd3-98c3f85442b1,chair_05040
e07c3044-0b7d-4da5-9da6-436c1076e0e7,chair_02371
ed7ea3c6-ffe8-4d41-a9db-f77ba95ca866,chair_05736
886c0bca-939c-489a-9266-e0880e5a272c,chair_00388
36d516a9-4012-4749-a66b-04c9f5f66a64,chair_07502
5a64b5ce-377c-48db-949f-bbce5438b7e0,chair_05055
c9b4d022-9a3e-4102-aacf-a30560cdb5c3,chair_03644
c9901544-0ada-4003-ab6d-b675983b8403,chair_08624
71dbf6ec-8eac-409a-8b5e-e5c6fbfb8744,chair_02178
e34ef03d-72eb-46dd-8d27-ed9674ac5149,chair_00751
51027d20-4883-43a3-bbda-5151a19a9943,chair_03277
206d8229-2819-40b6-8257-1ddfaca87ab1,chair_09746
7ebc0e8a-02d8-4ca1-ad62-7f12d3aebaa3,chair_05826
01ea8c42-1666-4f2f-a749-14a4cbe74b63,chair_11032
046da32e-e074-476b-b851-655a71c812d7,chair_00976
a30fb720-d7cb-479c-8bd4-4b30132ee46c,chair_10656
c1590495-a3bb-448b-bd78-afd11e2e7d60,chair_00910
54c6cc59-a0cb-48a2-946c-82819234f4c2,chair_07263
f92bbb39-c367-49cc-ba01-4249b20a90ee,chair_08330
f426044c-6cce-4548-bfda-15ba1d2667aa,chair_07010
fed76eb9-5907-4dbf-bcf7-987ea4438dbd,chair_07328
c889c85f-6f9c-467d-8177-e03e256d0538,chair_07315
2e40d288-59ed-4102-8f2d-a9d8554cc69d,chair_05455
561b99c6-6929-4334-b5e1-536c32fe19c5,chair_05474
85b5357c-a11c-49d5-8d59-efda2f48e927,chair_00010
7580f835-ffb5-4be8-9a26-55e93ca19ab3,chair_00567
1c371ffd-eaf6-4260-9785-170211406de0,chair_05257
2997c9b6-47a5-4f77-9a52-9d812fb9985c,chair_03115
213c5d9d-b670-41b9-a56c-1e9bc3c6eaa4,chair_05222
7eba33ad-c486-4e03-82c6-1551f13a4436,chair_07933
64d995eb-0bef-49f3-ab96-dc617cfc8764,chair_10438
b119f867-0615-46da-bd4a-49f7e9d4a3aa,chair_10360
bfb9dcf4-41c7-4248-bcc1-541a642e6060,chair_06288
7f80f075-fff1-426c-8232-551143d9785a,chair_00978
b8d5a789-af48-456e-b373-023d444abd24,chair_10688
d63a7902-3129-4555-aa22-7f0e78901da1,chair_03604
114d6fcd-749f-4435-8a6f-f1bfa03f2960,chair_06431
95f47afd-36c0-4f85-a60d-0ef35c722ebe,chair_07412
3187f71e-3b44-4c73-855b-c75d918da21d,chair_03424
eb424a2f-923e-4c1b-ad1d-c33d176c862e,chair_03560
69767b21-db59-4ee4-a9da-d8b590e6825b,chair_06375
b7c6e45a-5b53-42d1-801d-daa239e7c90b,chair_01114
f88f4ff3-e45c-4d84-b4c7-c28e017b2508,chair_04410
6f626bb6-4c3e-4ac8-984b-83d3c3a8b178,chair_02962
c66afb62-a4a5-4d55-b6c6-a92a6f05f477,chair_04149
e2a610f7-03b4-4af3-a4c8-c6b7602e2913,chair_07730
249e1f71-7a4a-4dc1-887d-98b9b8aeb25a,chair_04602
8d665f88-02cd-44c0-979d-d61fa78d2263,chair_01386
31adb325-3100-4a46-8147-e8a38de30c29,chair_05838
7e7f585f-2b32-465d-b124-640de6e8ca50,chair_01527
3e46ad33-d3be-4d06-864c-d38e36b6842c,chair_07120
57daf6a1-0322-4c66-b8cc-79061c668719,chair_03669
02d8bb23-70f7-4320-9e4c-baf34672b1dd,chair_02455
199ffca4-2d84-41b6-a8e6-aba8377c1e90,chair_10090
f5d2529a-6836-40ac-b52d-7f4a6b6dfa16,chair_05178
956ecb4b-de59-4094-b58e-b485613dc637,chair_07156
54ce5ad7-c774-4866-937a-59eb99a340a9,chair_06812
97fa03c7-b950-408e-8d39-7250c202b310,chair_11613
c9235991-f2f7-488b-bd07-4e28684116d1,chair_01055
122aa8fc-9efd-439f-9b20-b518f4cdb717,chair_10507
f14e0a69-696a-40a9-83b1-1446884118f4,chair_04510
0ea03f39-70ae-48ea-bd7d-e070baae9026,chair_08329
9b725a1d-9b25-4bd5-a0eb-a32e29079684,chair_11314
385c9fe6-f132-4539-9af8-4857306835e2,chair_02561
8f8f2713-e229-4e97-bfbf-fabf2b37ff5b,chair_11460
bff13a2d-1f68-4009-8828-d386e48d0bb5,chair_04333
90c7ceeb-17a6-4842-bee3-f69caf40f25e,chair_10692
216ec456-0bda-4588-a1c1-562f4420aa18,chair_03967
3be8938e-5b04-4bb4-8436-71bf1389d125,chair_06826
1ededa68-153d-44b1-884c-3b044a47a5ba,chair_04944
3184d49f-ec72-417b-b3b7-d37dad8067f9,chair_08941
f56b669d-b740-4aa0-919f-e94916a82d0e,chair_05604
a195fd39-116e-4158-9316-2db6a1687aa8,chair_01232
aa3448a0-2595-468e-9d15-abb0b0552ae6,chair_07269
0f0abd7a-ecec-428c-98cd-32aa2b3bc449,chair_08643
d54b48eb-8ec1-4beb-b93b-7fd365c0271f,chair_02654
2cc7abab-ebcb-4fe0-a623-2f71a1a99453,chair_11394
4905d20f-0954-472d-8e55-033e9e2b03af,chair_07367
4f1390b2-999b-4488-a348-fa19b1320386,chair_11161
a3fbcd07-d6e3-4719-8c95-b50b5f53571f,chair_05926
9fe68f10-150c-4c96-982d-7871cee3c640,chair_08118
ac759ab9-684c-4e3e-a688-ce036069f158,chair_07768
77298d3d-9050-4e25-84bc-1a4a6ac1fcdb,chair_03326
18eefc2c-4fd8-4c4c-94ad-49640ed105f8,chair_00986
21775910-8197-4d8b-ab5a-0fadac41c43f,chair_06338
48f89bdd-f338-4683-8e02-e124935c1d8b,chair_01120
fd5946ee-f2c4-47d0-89cd-dfd0881fb55f,chair_04267
f508fc91-4452-43ac-9145-b1f088990202,chair_06407
f948553a-c9f3-4fd2-8695-2f36b7f867b6,chair_00484
3fc0bb49-584e-4508-89ed-42af19469069,chair_01312
4a9a23d3-40f4-44af-bf97-a17edfd5f456,chair_08071
eeffcbf6-dc76-4e5d-8c74-90096678e3a9,chair_10973
ddde4817-2e0b-46e9-bd45-b372098a5cb4,chair_04177
2be34137-9151-44a0-a241-86a84bf21e6e,chair_01409
79ccaf62-ee22-4ec8-b7ad-f6fd8aa8473d,chair_09757
63b034dd-d3b8-4d38-9a3d-69a2788efc69,chair_06191
3a25498a-8828-4186-ab7a-cf4c38b4c229,chair_05023
9008acb3-853b-479a-bbdf-3b8431174e4f,chair_00421
83e38287-9a5d-4c16-9865-e1585ad2e3db,chair_00987
8cbb697e-3247-4dc8-93a5-079701765601,chair_01007
f2386a71-7b79-410c-8ca3-30d2508a80fc,chair_09637
7879092e-661b-47fb-ae9f-3658e734063b,chair_02541
6b42a3e5-d25b-4290-9092-5311ffdf04d2,chair_05365
274b5e7c-9474-44c8-b3c6-c0dbf6aa5b9d,chair_06756
f9929acb-a403-4eb5-813f-b74154653981,chair_11086
506db7ba-a83d-4baf-a89a-d03c65758782,chair_08369
72130ae5-342d-4c59-a757-b2ccd29c8bb5,chair_03314
894bb810-3a62-4899-bf70-af38bd7a777e,chair_11090
45d4afce-c75a-4632-a003-7f1381351d26,chair_05408
39d12dea-ec2f-4985-a2fa-1c094b9c2a71,chair_09839
d723f953-5e8a-4bc5-a62f-4ebd43b59570,chair_10728
14f56778-5b87-4f20-88fc-2bbcaf4c7f89,chair_06990
bbc51a4f-c626-47a6-b15a-7e812696d935,chair_02072
2ba21445-123a-4148-ae60-a026471ee8bf,chair_07310
c07a0a2b-162b-4c55-a330-dc4a62641ec4,chair_08525
f73ae992-6dda-4ded-848e-7d6268d94e1d,chair_04087
ac163760-96a8-43a6-a64c-b165e1927477,chair_10255
a5c44e72-bd8a-46ee-9b52-50019843b63e,chair_09124
19fac3ea-b421-464f-8ea1-f0e6505181e7,chair_07764
cf9eb054-2a86-4fdb-b367-e2fbea6f1a61,chair_07825
19c551b1-9bc6-4350-ad02-2a1e712290ab,chair_07841
b7478ba0-1fd0-47f4-bcdb-322c6915a552,chair_06266
980ab968-2e96-4a71-ab14-0177e39c3fec,chair_05382
4d361dc3-43dd-48cc-b68b-4b25ae76fd10,chair_04272
367b4a9b-dcf1-4cee-9e73-77767409cdd5,chair_00003
753ccd4d-924b-4ee8-a05e-4033eaf0a8a4,chair_02197
5cc146b2-3392-4210-b89f-ca10b78bf8b6,chair_03677
ba98d391-386d-4397-ac96-1b3d1e199456,chair_04877
dba5795e-2fa9-448e-8df2-c5e4b3c98336,chair_07719
cd849064-42e9-430a-ae29-c993983de4ef,chair_01990
436faabb-cb10-46e2-abbe-ba6609934700,chair_04639
ce0ef268-fdd0-45de-a7f4-94cf93c8ea92,chair_05646
aee40e04-86a8-4c34-985f-22f646d2b136,chair_01876
88009f3b-22bb-4886-8d7e-ea5bf5a1627f,chair_03167
9e7e6d46-dcfb-408e-b7b4-3b0bdb7dff25,chair_07401
05674f1d-a4fa-4064-90f8-32cbd1e6fe79,chair_04466
8a70eed1-3165-4c9b-8ba4-20bbb33db29b,chair_10793
358ec5b4-5387-4328-be01-3407f18b74ab,chair_00107
32feabed-fa62-4ab0-9507-b96c85324407,chair_02093
c6927019-3773-433b-8934-a0e88cca3f38,chair_08712
3c24f6d9-73ca-4e6f-9c03-093298ed50d3,chair_10609
e0116faf-67d9-43c9-ba06-317aac7d7b82,chair_02677
6d2e6905-652b-42b9-99dd-0425d56f81a4,chair_06851
27051db6-8b6d-47b2-89a8-4cd1bb2ca763,chair_05834
3d5f8699-78e8-4b59-b57a-0d6272418d67,chair_10566
8808db4b-3f66-4f8e-ba56-37e0202c2106,chair_07071
50a04d82-5acd-4a40-a226-2a720ab6e1a8,chair_05601
5104fb86-08cb-4f2f-87a7-c92306b19319,chair_02963
30d9be67-bd36-4ea6-93cc-4fda6db1eea3,chair_09341
e5024c1a-74ec-43bd-a56d-7289ab582026,chair_03650
304965db-fd87-4e5b-9157-2ddfc77677a9,chair_10939
36cd8e84-8d53-4d3f-a079-821837b63392,chair_06168
aaaeb6b6-9abc-495e-a841-894b7b83373b,chair_07843
f532722b-da58-427c-abf1-ae7f64f58cd8,chair_05931
511a1a91-2fe9-4a85-9b8c-b52ff7aef359,chair_06366
249ac313-f812-475e-9302-a1307a28bb98,chair_02929
85e6e01e-6f3a-4365-be4d-cefa9a287d20,chair_07443
4f7e715c-d5f5-42b0-9a2e-f2f734abc131,chair_06060
499e427e-e957-4e6d-94c3-304bcf26f2ad,chair_04126
239a5b97-c0e8-4b33-8461-635044989207,chair_05588
2d011fb5-eca1-46a4-8fff-61789852cbe7,chair_11047
91ca6815-341b-4db5-a578-6f757ad9cee9,chair_04235
69f49efc-ba6b-480a-9ff8-076a34383cab,chair_00228
c541f771-2248-4045-bc8d-8d03ff95d748,chair_03840
8d3c7cc3-4235-41cd-876e-21855534c4f1,chair_04997
5302a0a3-62fc-49e1-8eaf-54cb44bf9385,chair_09571
072e4bb4-fea4-438f-b8a4-2705660f037c,chair_10386
dbc60e33-b9e7-4699-9c06-93436faf8af5,chair_08359
89608e27-d6d9-444c-b759-d1acc0f21ad3,chair_09379
ea9a4773-4c59-40ff-8ca7-cb1f47e8df81,chair_04044
3d9f272f-53fa-4000-b154-92ed418d431f,chair_09914
cc24f7aa-79c0-495d-b3d3-d42f2812ac78,chair_07356
9fc1dcfc-7db1-4eb1-9889-813f5b40838b,chair_05919
6aedcc29-b73c-4742-b64f-f5b3fc0e09ee,chair_10161
5e0ab8f7-b7fc-44c3-8b76-0e99e3aadb7b,chair_05866
80381790-736a-4335-bb69-7db1221faaf4,chair_05395
a8865948-7e05-48d7-ae73-20dbe465165e,chair_03881
945bcc35-8e37-41c9-8b60-2c7f0261bd28,chair_06543
8da122ce-ce00-49ef-8db6-d3044dd9569e,chair_10760
711ac618-be68-45d7-b85e-13464ddfb438,chair_04889
2536ccce-8f58-4eae-b8f1-85cf8fc83f4b,chair_10296
b96e770f-267f-410a-8efb-12112bb056f5,chair_02778
ec5601c0-404e-4e02-b75d-c03422ed7f2b,chair_02969
8ffba443-70a9-4b6c-9a55-243c6689fdae,chair_11237
f5839f8b-180a-4baa-88a2-896210926472,chair_00805
0a3fc326-a984-43a6-9831-7bfe7cbec16e,chair_09477
7293ce06-0a20-4ff6-ad71-67ca66434417,chair_04293
8fedbe21-abab-4338-a267-9fb3409c6233,chair_07177
84844fb3-500a-4fdf-89fc-19b82ff5d2a6,chair_00551
68de4c09-7334-4e73-9606-030f7488c23b,chair_05435
609c4806-3e8f-4e12-a100-457bb60b2962,chair_04212
487c659b-aada-44a5-81d3-7c96dc7bd1d9,chair_04260
2108ef0c-3bd0-4ffb-9fd8-727f0d8b5e4a,chair_08109
ba3036ee-c698-4c0b-b29b-e217ff9fccfd,chair_06517
bc98212d-5a3b-4120-9a0c-a30483b8010a,chair_05867
73a66b75-ceb8-443c-ada6-2905ab161819,chair_08263
995edec2-4965-438d-9f4e-5ecc3d85098d,chair_11612
8a59a647-0f26-48e0-b59f-5efcc7b672cc,chair_11441
e9a52c65-2428-4172-a821-18e68e9c1554,chair_03292
b9374ffb-3d4f-4958-9c37-8716978b138e,chair_10000
f6e6a84b-883a-487d-ba90-2bf2464de0ae,chair_10840
3fc18eb1-ccc5-4c68-8685-b11f73be07dd,chair_11599
551b0c58-16db-4a4b-8cfc-fbd92570c410,chair_00184
445521f0-1938-4b7a-895b-058f40903840,chair_01116
054d151a-df08-4c5a-b311-3eafde899d02,chair_09212
6f5c1fd8-1720-417a-8300-1858fdcd0967,chair_10733
8075f552-ad6c-485b-a1ee-221f940ddce4,chair_07676
38309d98-85da-43e4-ae0f-4e61b7bd944b,chair_06310
a54671d4-69d1-468a-b383-34b4457c45e8,chair_11326
16b50656-8af9-488c-a121-0eb073dabe04,chair_09940
ac935b34-7749-4aa1-8378-1c16a7075ae6,chair_02694
1a02a6c6-6914-45ef-a633-78ea5d85ffe4,chair_07312
ffca778d-0531-46c6-a89c-a7625b613afe,chair_01023
d3caa342-9ec5-4860-8c6c-6b673132baff,chair_04466
9f461631-e525-46cb-8f04-b1bc31294a24,chair_03933
5df25c2a-b83e-4d17-b5c6-f779653987b3,chair_08380
ab36dbb5-e477-49f9-a7bc-532f6785fc2a,chair_08851
556bba28-11f6-4b8d-bf20-dcbfec36edd8,chair_05426
53e2786a-719e-45ba-ab88-a99a8455e2ff,chair_02405
9cba2f80-3d52-41c1-8844-a027042d21ef,chair_08511
f1d34f78-b788-44ef-af9f-7238573b7f36,chair_07385
07e332e1-3800-4a4c-b3b2-e9430dec9302,chair_01029
bbfd8b26-124b-4ddf-a18a-648621f54984,chair_05787
81575e52-dc27-47f6-ac22-b91e28b4cdec,chair_11299
28e35d90-90ec-4e70-a38b-84694cba5a77,chair_08483
c12162d6-f1c5-42b0-949b-dde41f8136a3,chair_03824
6dddcc19-e97c-43e0-9848-4293df8f9359,chair_04447
a77032b4-7710-4f93-aa49-d6458f533205,chair_10674
8fe9dda0-90fa-405a-b164-4f8661954feb,chair_10627
4b1fea54-aa4a-48a0-9ee6-ae6ae713db64,chair_04367
24f4dc9f-581a-4c04-9751-a0e436e91100,chair_03682
17b8a240-28b9-43bf-a9b5-3fcd1ee9c4d8,chair_00404
6cbfee40-2faa-482a-a692-b9a8206119df,chair_02154
85371128-f650-4ef4-81b6-6c478c25a270,chair_09552
55c520f6-4370-467b-91d0-197b6c2c9ddf,chair_10157
e01a9ce5-2ff1-4a0f-8196-1972f90b3b49,chair_11292
5b2fe990-ce64-4121-a308-45b094b0d8ec,chair_10851
00cf4d83-a8b4-45e9-9a44-6a35e0f0c869,chair_07638
8ebf0112-6170-48c3-91ec-0da94aa863fa,chair_03934
eefd47bb-3b03-4f3c-9744-a4ef99a876a5,chair_08997
b61517ff-e0c4-4a66-843b-0065f672f79b,chair_05209
7e539437-80ec-4322-b5bb-f8aa8bfe5ab0,chair_05092
41d0f43d-5bff-4b18-b2a6-df67e2408462,chair_04429
48bf7324-e88b-4867-9e89-e26fe6209ad4,chair_02896
dfe480d7-3366-46a5-91e0-7a695a346431,chair_04593
9ea3bd4e-d73f-455d-a865-1ba26e0f37d9,chair_00995
2b45dbda-99cd-46c0-96ff-b2be82bd63cc,chair_02554
d00f7d53-5393-4994-b201-082f95ccfddb,chair_10081
b145c0d9-1c16-4967-80c1-b7a7cbefd77f,chair_04253
3899c0d3-d0e8-484b-af5a-fbfd3cbd9bae,chair_08776
7c2f383f-9152-4f67-9449-ef498afe7c37,chair_00122
e0f85950-8df8-4948-8837-e4f502af02f2,chair_04941
26993bb6-2267-4121-8821-9d42e5ddb8f9,chair_11451
616395a2-1377-4ae6-b63f-15198fcb0fad,chair_06952
814fe3dc-3118-424b-bee9-4f7c079941c4,chair_08447
6cf35c92-cc0a-4561-865c-6e3eb55f995c,chair_08605
497292f6-1574-4eba-b776-a56d07eed347,chair_06312
28ad3aba-a236-4065-8a32-c8c47d16b4fd,chair_11512
7ccae74d-4102-4b94-9a6d-3cdfa556e0b5,chair_10287
67b87c02-2d3f-4057-a2ee-1ade51ae7f38,chair_10160
08272e7a-0052-49c6-8f1b-ac3d76c31f7f,chair_09142
653bed8f-f430-4676-b345-354a1e56285b,chair_10425
69c6c898-56cb-4902-930a-ca9f35992140,chair_10188
f991389d-5fff-44e6-a2f5-22b2abcca77a,chair_00767
f2132bc6-3d71-4899-84ec-9d37aba9e7cd,chair_08836
ebc91ca2-af49-486f-8e25-0f4f411e25cd,chair_07396
cdecfada-065c-4eba-96bd-77cee6d4c612,chair_06563
a1df8b80-fdfa-45ee-9bf5-1a584dcee020,chair_03267
973a427b-41d8-47aa-8247-df4e3cabe036,chair_04177
e0e6062f-b349-47be-891c-d1ab6886d269,chair_10768
4fe96e51-e6a1-4123-8cc8-3b2ab79c7cbe,chair_02853
c0078143-ee4b-4582-98dc-cf982cf153e1,chair_07990
dc5a3682-bb03-4f25-bfb5-c4e0bf71d862,chair_02713
0fc83018-70a5-4ebb-a643-042b11227abd,chair_05036
4eeec55c-ab7e-4b33-b3cb-e42bd8d62531,chair_07196
09b77684-57ec-41bb-baeb-b4eecdabfb22,chair_07625
8ad865bf-8bf1-4580-a8a2-c98154c29302,chair_01698
ec569bd2-1232-4108-a78a-1e4863c8154d,chair_01826
03dcab17-356b-420a-b67d-190e4e828a8a,chair_05751
4c3a34be-30ab-4f0c-bb03-b3dd76befecc,chair_07298
98ec7593-9273-4291-b556-65e6a9ef7abc,chair_09010
8ff558bc-6d6c-4461-83e8-8f69bee366a7,chair_07473
9008f162-eadc-47d2-ad45-0ea6276948cc,chair_03171
22288cab-0c2f-462d-9a23-9f5b35b2ca21,chair_07872
6e292f4d-4a92-4a85-a5e9-82dcf638e99c,chair_08799
a2dd716a-4d69-40ff-a387-c7bd69325d31,chair_01394
4eb36f9b-f204-4912-9aa7-b6ce76b3c871,chair_05594
098b04a0-230a-48ae-af57-9474efab3ab4,chair_06663
ff4bf7e8-4251-487f-af62-715f02ab106c,chair_02009
d98ec703-f257-415c-8181-7138565fedc1,chair_06614
e76316ec-bf9c-4542-8d1e-d9845290a1b1,chair_02570
20b59063-10de-4bd8-837e-a00f89734d48,chair_01065
7a085a14-2a7f-488e-ac98-e06a6b42a79f,chair_08009
d36f7f04-ed9f-43d7-8da9-fa0b79be6ed9,chair_03468
d6d8dad6-40a0-4f72-8853-ee142fa1782b,chair_06195
a001674a-7290-40ef-b34a-2f25047c55ce,chair_07762
af90719d-9b2b-487c-8603-1fe6dfbfab97,chair_01406
46e1c927-de8c-4799-a9f8-94d8e950cd74,chair_03843
fd8478c4-dace-4e08-be80-587ac82d6bfc,chair_08644
8012454c-b428-439d-9117-f8bf793e34a2,chair_08115
495e0b05-00c9-4ee0-a8fb-d4217c2146a6,chair_03236
d5cd97f0-7b6f-4d69-93c2-d4e0f65d6047,chair_01034
9c4ed3b5-1e85-4a07-ad71-3d102ad9253c,chair_04781
78a5f46b-a662-43f4-a827-fe42f5a4af14,chair_00329
bff6dd52-2bc0-4d3f-a7cd-a78e0ffc25c6,chair_11448
19e76933-8d14-4606-9043-daef7c251c8f,chair_10483
c008aead-ce23-460c-a634-3555c0d226d2,chair_03531
ff7fe34e-d7b8-4c79-8a08-033d4eeb087b,chair_01235
50a1b4f7-f5e3-4636-9ba2-67deff38d5ea,chair_09326
8dc472e0-1d55-4f39-aa55-278bf00dc55b,chair_11319
c5369b45-bb96-46a1-9f81-f5a1c4f1e683,chair_01923
059b4e96-0c69-4945-8c3f-06438e8bb2d8,chair_06518
2b02d8ea-17a6-469e-b714-08d443cbea78,chair_06966
db5dc779-faeb-4452-a62b-d8cbc896e5ef,chair_06806
56306594-20c5-411a-9dbb-341a3402fe55,chair_01971
1a156987-6a30-43e9-b947-a4db6c6c082f,chair_06951
f0bcc9d4-9467-4810-bd9a-e7a157e5082a,chair_02779
1d703e12-2184-4361-813d-2db1e8a54f18,chair_05091
63003a3f-607c-464c-85a3-59d327e8d165,chair_11049
a23a25ed-ee47-4a96-8077-ee3550d3fc68,chair_10830
9524b782-3f41-42db-a2c5-f7b28ca98863,chair_06507
853763f2-149f-4a34-962c-41f360854211,chair_10115
906dd0aa-302d-476d-aba1-fe4c9ccb0a6f,chair_08939
e0dca427-05b0-4dc0-8b74-5896a1c47281,chair_08565
bd9f23cc-ef11-415c-be9b-715782c7aa4f,chair_09457
b01a84f9-7a3f-44cf-b22c-df4508b42ca7,chair_10536
28dcc96a-98ec-4618-805f-fbdcda78bf22,chair_07072
8fb42cc2-f857-4293-b9df-6f421b0b029e,chair_07857
a81f7261-3c0b-4293-8e66-f26f25378a9e,chair_06444
150d50e4-de42-4359-a1aa-1b8a8a86f4ec,chair_02823
421faa1b-608d-483a-a54a-9d89616f6154,chair_01246
4815e24f-f1cf-4797-860b-70a45c7107bc,chair_08229
80963fb1-b5aa-4f63-ae6e-71736a3de345,chair_02272
675da10d-5b20-4aae-89ad-c4e9b0212e47,chair_02952
d001b234-727a-444c-83d0-074c4d173295,chair_05113
4e0def64-f604-4a7b-acb1-75ea1ad9b7d0,chair_07610
47f38187-15a7-4d8f-a7a2-e9490e7e543a,chair_09331
7b1f0ed3-8d09-410c-94fd-90ca1cef15c8,chair_10309
b8beb7ee-f99b-4e03-9a8c-eb11da61cd54,chair_10322
79c36802-5175-44db-af11-cfd3562a58b7,chair_02972
a66e9cd8-ab39-4778-a124-9ffe1a808de0,chair_02064
6544b586-73b0-417d-b379-291ea6c313c5,chair_04222
2b792e67-277b-4114-8291-2e4d9b388b7c,chair_08095
d587f4f8-4529-4072-9e77-870dfa0a3d8c,chair_06633
aabdfbc2-dfc8-4a60-944a-7e2b9c8e6361,chair_10687
41ff2b15-3046-49be-ae70-7953f4722f21,chair_09045
29059ba5-3a40-471f-8a9b-4d7933ddb748,chair_06941
8995a8b4-e3bf-44b8-bf96-bf4e71fa8ac5,chair_07209
6e0fd4fb-8c75-4f3d-aada-58671ccd6dbb,chair_00695
67b30bb7-3a09-4c2f-90a2-27fd4ec0fc27,chair_11255
7d7fe875-4017-485b-873b-534d9005ca8f,chair_07469
02287f2e-658e-44d0-a3e3-96fbefb63c8b,chair_01680
3323c2e7-2cdf-4c06-8e31-727a39cf7d05,chair_06430
9eb05d05-0e38-4a85-895e-a4639b6d9048,chair_07261
fa9e5221-f5dd-403b-808a-8ea60e8fae73,chair_01508
9836aded-9755-4ed8-93a7-d54cfc7214c0,chair_10451
473a6da9-8816-48a4-959d-6cc3e200cb77,chair_04386
b0eaac8f-e5f0-4c7b-b7c0-7b0722915d6e,chair_08501
69bab291-0764-4def-b3ed-cfd557a57204,chair_10906
0dc0d9ee-8719-404e-95fb-cb983551eab5,chair_09352
14899776-8fee-4a88-afa5-10c9e8950a82,chair_05887
d21fc549-b210-44d7-b3fd-72a35dee9b3a,chair_07541
6cc8714c-39e2-4fc9-9718-ab76ca80d3cf,chair_09990
f0f698cf-087b-47b5-94a6-6fb05e87f8e3,chair_02310
21fd01fc-a7e6-4c2b-b5b5-dacd2161eddb,chair_05472
55d59f76-1e8a-42ab-af6d-472fa719a598,chair_07473
7466dcd7-7320-40ba-8adb-5d1c28720905,chair_08795
fdaefe13-ebdb-4715-b6d2-73dcf4cbda3b,chair_06072
5cdc5ce7-9ce2-478c-8f98-09b833df6844,chair_11336
d2023eef-6d82-4293-9126-f851b96f7199,chair_02827
ef76dd94-5bc1-436a-b15c-0188ac34b7de,chair_03151
5a36be0e-5351-4337-b5ae-8ace20e9edc1,chair_05169
1a3290d4-b2ba-484b-9d65-ce2d75e16f2f,chair_02480
47019c05-58fd-4948-85b6-8773895381e9,chair_09792
6a4557ba-ad84-4a77-8717-a3e090ae9656,chair_08238
571578f4-2262-4b8d-930c-2cb518db2c80,chair_00904
7731ce23-cebd-4043-99f0-31bd6a216936,chair_00425
8b7c81a9-95da-46d4-97c3-3ce56a672c06,chair_10162
a480ca51-be60-4665-9f1d-458361099a1f,chair_03099
146ec542-f860-498a-8260-68d130e2291b,chair_04790
85e11ba1-e46c-4eec-8ea2-f29416612898,chair_01150
d4d6a1fd-366d-4a3b-904f-15922b7866b0,chair_03649
1c03cc35-08b0-4105-b06f-de7b052c2336,chair_07234
00808ed6-3f1c-4545-94dc-f0101c7c50e0,chair_03919
0b2eeea2-4d7f-40b0-9429-611a4a4b0c8d,chair_04115
99379721-b05f-4b1b-8b77-57e04a3718ce,chair_05589
77791440-8b5f-478f-ab50-ee02b9edfe12,chair_04414
438bfc15-42a7-4d17-b922-18a3a9a25d0a,chair_02107
92eaf4da-ba23-444d-8f29-0d1609b3a7a7,chair_04686
55a9b605-0c8b-4821-8a26-31f97e36b88f,chair_07837
df23379d-01aa-452a-b918-8247482d9ed6,chair_01571
8284847e-f62a-4bad-ab46-92819dfdbf03,chair_01073
a6aee90d-487d-4133-9c7a-c91c7bfb682e,chair_05667
023d49fb-933e-454a-b684-146e65a3a3c4,chair_05156
2efda79b-9629-48b4-acef-03c607e3e172,chair_08486
e0bbfe13-5222-4bcb-8173-5a61c3f0ae9c,chair_03043
7f9ff403-e658-4da4-b177-8c2845baa982,chair_02962
02f1d18a-ddc8-4168-aaa3-a5f4fd06dc26,chair_01085
2d9eba13-b8f4-4be8-a37b-44799e00f616,chair_09132
706abe71-9a7d-4165-bb53-de1839b74f9f,chair_01856
df652e1a-c5f8-4d00-9c46-0d54e591e9ff,chair_09270
08a9e54b-c868-41d9-9337-f6104d1b35a1,chair_05460
99cda9a9-c166-4b74-906b-6290a71fbd04,chair_01381
7a2a87f9-6c93-42c8-bffc-4c8f45e45bbf,chair_07285
bbe2eaee-0eba-4f48-bd1c-fa6bb0b7a240,chair_01509
5dcbf8ad-4e58-45de-90dd-b07536a0a11f,chair_09891
86ce7100-be2b-4ec3-a394-33082aaa1695,chair_00032
b5d6970c-87c1-432a-9f32-75eb26a28980,chair_07389
a5704b2c-96b3-4ef1-9957-16c44cc0e273,chair_00427
b556481d-41e3-48ce-8039-36f11ad9ef79,chair_07124
2a5e9278-b6ce-4905-92d8-fa2b9b226a57,chair_07475
20d6c6f6-e826-47e9-a21d-4401ef1b4f02,chair_07736
82e26902-9e19-4ea8-84dc-e73bbe102d3e,chair_10702
5118616d-e59c-486e-88bf-4fa31e1d55d3,chair_07004
50d5486e-8256-4850-a1b9-8ca57a0b8e19,chair_10936
2fce5853-dd89-447f-8709-c1fecd63f98c,chair_09925
2d6fe348-035b-4df0-aa0a-676592b0e3c2,chair_03235
113d5378-0bb5-43e6-9722-e0681b64c16f,chair_01917
fb738ed1-2b46-406e-99b5-46e09ce46c2c,chair_03433
cc87bdd5-7258-42ea-96d1-dc67f18699e7,chair_01593
d83981f6-fafd-4c2e-8ea8-d5e1d54c8706,chair_06410
b7788216-2269-449f-9186-fc621661d8bd,chair_04879
0dffb03e-976b-4521-aa33-eaa88eede850,chair_05124
e122c46a-1fdb-4f69-8a5c-e940787ebf59,chair_03995
212e60fb-3654-4098-9c95-5e3073a1ac9f,chair_09070
c2d6a705-4038-4caf-8d30-05dbd003dac5,chair_03219
7977102e-97a2-424e-8cf9-ab8a2e0d1e7d,chair_03165
4e517068-5585-4f5b-8150-02669ea1aff4,chair_06558
fecca1a9-d5c3-45db-8027-e00c04971330,chair_04850
dc639b9a-662d-47dd-8722-d0f135de0569,chair_02644
1bb7ea29-7932-45e6-8ada-6ac80e40c589,chair_05715
52e4c383-84d7-49ad-bf51-4f443097ac5a,chair_05283
6bce3608-2a6d-4e04-bb18-c7fc11fe2112,chair_00133
4487ba4e-6e30-4a56-89ac-a472b1b4c38f,chair_03653
d5475651-5feb-4a7b-a596-2af2a93b98c0,chair_05911
68a07bb5-3183-4d34-a370-01723a15b8fb,chair_04012
21926752-261a-47a3-baa2-f7310d1d9090,chair_03983
beb01766-b020-4cea-8786-040735a27362,chair_11377
0df36610-e8fc-4db7-a4f0-83b25de11ee3,chair_02865
d650d0d0-730f-4e1f-a34b-cea4194af98e,chair_01451
6c8b70a9-320d-49c1-9bd5-271114c5b314,chair_00542
057dfa3c-6664-4d96-9f8d-22f34177969d,chair_01643
7292ced0-cb27-4b87-a3b3-a1aea7c6d3fd,chair_02630
c69892ba-d6bb-4feb-b0c4-3c762b372faf,chair_05527
d2a1f19a-5a1d-4c78-8258-54aa49f12e0f,chair_04914
358e966d-bee1-4b9c-8caf-3e556a25faf9,chair_11438
28425e87-33ff-41e8-ac1c-b4a96d4af122,chair_06611
dbbf3d90-63ce-49d1-a86c-e93afae9bd6f,chair_07392
2daf4a4b-f14d-449b-b9ea-f59a9604fe6e,chair_05366
815531b2-ff2c-4663-a458-4b91ef5b4971,chair_09761
4bd12425-6512-400d-8824-af58710fcf41,chair_01131
1d6cd3db-13bd-4088-8483-7217e32d71b0,chair_04788
fdeb3976-0293-4836-b162-8bf4fcfb2bee,chair_09492
00a2225c-3a16-4867-914f-354bb11b069d,chair_09647
947f1870-022f-4618-8f23-68e730798dbb,chair_10954
6be274ce-7849-4f0b-9936-1626c9f9e027,chair_09918
07c9a8ad-bcd7-4c65-98fa-020cc190ff5a,chair_05869
a1c0a6e5-5e15-423f-b3f7-5c2378ea7c40,chair_09353
0486c79f-d23a-4fc9-baa7-3ed4b2aeeb86,chair_07357
73445bba-85c7-4905-8c99-f861aa2c9097,chair_07721
c0c60f66-0c77-43e9-8e01-b5b05514b519,chair_00693
d9a34c01-81aa-4c75-8e70-5ee710862774,chair_03809
e660000e-d739-4ac1-a3ed-25923aa7f5d6,chair_01562
2e42e71c-9c18-425d-b601-47deceab3b7e,chair_11517
5ee9556f-2c64-4840-8a2a-0af335ce494b,chair_07866
7f5b5cd4-9b44-46dd-8f2a-7e88c03f8c44,chair_00031
5eb57050-5e5c-417f-9748-20dc989a98e5,chair_05905
5e1a45d8-f44e-4355-a32f-6f201327e648,chair_07023
f31bda24-e03a-46cc-8f15-a73cb155d589,chair_08731
7664ed99-bc0c-47e1-8152-a50e6143ac81,chair_10780
041fc326-8a49-439d-aa9f-78acb6685ce9,chair_02064
45ec0159-dcba-4ab7-9a17-2b39bfe9cf2b,chair_06058
64d0af87-97ec-4e49-b187-a6ef94c269f1,chair_09042
981750e9-9f19-4b2e-bea6-93ffbc6c1a36,chair_03215
df7b5d5b-ae48-44be-9c53-f2c781eed79e,chair_03058
53fafd31-2296-4699-8b0a-ebb80fd6960b,chair_00674
e3a93dea-1849-47b4-b85c-eb2e4691b7cd,chair_01098
ee24d741-5ba0-411d-8653-9dafb48caebd,chair_04355
1a507cb6-2182-4b63-aa3e-f995dff499d2,chair_03546
ed73bb3a-d762-4f5c-80ec-74fadd72d95a,chair_05403
84aaa191-49c6-4de8-b2c4-046c49d16b76,chair_05024
52935035-626a-46f8-9e40-4e494411217a,chair_06077
595a97b1-e1b3-4a25-aba6-f102aadec723,chair_06363
85abcdcd-74dd-4a97-8133-1746f446642b,chair_03162
d837135a-eea6-4c0a-ad9e-0ffdbb395f44,chair_06489
44958ad7-a8e0-4198-bfe9-929f2c7197c7,chair_07715
b417a832-1b32-4e58-bdf5-ad98a1669cd4,chair_10094
6946fb0d-d821-4a13-a264-60142b078d59,chair_08361
c5b87374-ca43-4afe-929d-7219d1d0d12a,chair_08448
0b9fda76-c9a0-482f-8e07-04b8b488bf9c,chair_11247
090fc0f3-f296-4c06-9143-2f5432dfaeac,chair_03776
ea57ac13-f9ba-49e9-baa2-d89b503baa40,chair_07159
25149804-bf1d-42c0-a600-0fe7c04e4f0a,chair_08202
c63f07a9-ee53-41e7-8653-1a220f10aecf,chair_07104
a1a6bf6d-441a-4ebb-baa8-e086fe195cbf,chair_03855
5bf14905-36fc-4e02-a382-74d6b39e815e,chair_06871
884d4403-1f79-47f5-a2f6-03173b6431f1,chair_10367
a2d03cdb-a34c-48fc-9041-265932108fd1,chair_04921
7fe537ee-d674-40ad-b144-8f7453ecfb14,chair_10962
5a51faec-b76b-4668-b195-400c5cb551de,chair_05111
9f1faf29-fa63-42ef-845a-631f400cbc10,chair_05070
cdc3b43a-d3fb-400e-9e9c-d0049c2b5027,chair_09496
93886f87-b16a-4a5c-af78-e4407937f107,chair_08320
33d74924-9a4c-4807-b924-631a197ba510,chair_01919
c27dd6e0-becc-45b2-8b1b-6d70964e6a13,chair_00498
9cd11409-d282-4a83-aba4-4ae69e8ddf67,chair_10842
8cf26103-4bc2-4f03-a829-f79ab8b2b858,chair_06616
420b2b8f-dff5-4eee-ba66-1974f3ef7535,chair_03179
68358002-d92f-4b35-91b8-fbf58d7c59b4,chair_02168
8cd67300-05fa-40ff-8815-86bbf12adcbf,chair_06759
25d19461-a522-4ac1-bee8-c666b2cad021,chair_07348
6f7cedc7-865c-46bb-9637-8d5b32832b41,chair_03161
084ac2d8-6226-42f2-a9f5-d2b7afc38339,chair_09250
0964aa5f-0a8d-49a3-9f27-a140d336652f,chair_02288
0623bd9c-893a-4cab-9552-3eebe4f99aa8,chair_10384
eca0f2c0-a076-4544-a645-6d771e1d64ca,chair_00445
ddc43bdc-5a00-4f27-bc0e-18857ba69401,chair_06177
d01e0f1d-3da1-4df1-bf18-5ff15981623a,chair_11628
436c923a-e101-4143-8bbe-5e5e03da2993,chair_00378
60a593c2-63d8-4b33-957a-b267f554e5b3,chair_04502
4c073de7-1f84-42b7-9751-b279f9c4c416,chair_02304
8ffb94e9-5c4f-4e3e-8266-02a66c69effd,chair_09512
1344d4f3-4595-4873-b1ee-a2e9941421e6,chair_04826
0553dff5-20df-4b86-a3ea-58cf37551644,chair_02406
e698e6c0-82a5-4237-9f2d-a98e344b6e8d,chair_10093
0fb606d2-0c0c-4b3a-bfa4-4b8eb555b861,chair_09992
1795af83-c094-4209-a663-76608287e613,chair_02297
463742cd-784e-4248-b0f9-1171d649b4a8,chair_01252
c8dd6a3d-24bc-4bbc-b21f-b475470ab084,chair_01468
549148fc-76c7-45e5-aedb-ab43c706c952,chair_10064
974c7e9d-088b-4069-b1f0-0133ad1e3d62,chair_02866
1407e35c-3d53-4745-98da-d133b25cf6d7,chair_04364
4cff9dd4-dc66-490b-8163-6ce91c186bce,chair_07322
39120fd4-9b19-4584-a535-907d46da7a4a,chair_04304
19430091-f067-41d3-90c2-1c8bd254363a,chair_03482
9bd96764-81c0-4708-b0d3-491c6cbc9e4d,chair_10524
5ae8a743-04cf-44ce-8fdd-fe0ad5a38242,chair_10334
ca0c43d6-246e-4bba-86dd-f00e562b218e,chair_05591
7b36694a-75a1-4a86-9e91-4bf278382aba,chair_00822
13026566-07ac-46bc-9a2b-c4598daa510d,chair_07060
0020c2cb-8826-4e18-a897-ccf65a67b74b,chair_09865
12db3b5f-ba12-4b9e-a10e-d80ab7b9c778,chair_10875
47de451d-8543-4293-8af8-fee3209da497,chair_07919
8dbda54e-38e9-4020-b2a1-dfff35d9b4b8,chair_08872
931b3e21-43b0-4fee-95fc-a456675b8cc9,chair_02777
06754b15-cae7-48ad-a888-7bc05424de3a,chair_00980
a4e168f4-83db-4b69-b473-877a2b723733,chair_09435
831fb936-8fe7-4bda-8c41-ff9160888cf6,chair_09487
9e5647bf-b413-443a-a4ec-ee0096a77cb7,chair_03393
af1c7862-ce94-4348-8cb9-b8f637a16dea,chair_08236
21721f79-7e12-449e-aefd-255ea9da160d,chair_07867
776f044f-3a95-4ec0-98c6-972b4da32f2c,chair_02202
d88ff4d3-f5a3-42d9-954f-3bb4836def81,chair_01945
5c619090-7fa0-4923-b152-337cb5a9cca6,chair_01547
174f546b-1b7b-48e9-b141-7e5cda1269b2,chair_02268
86e7596a-57f1-4716-a2cb-5613d7124f67,chair_00304
6533d774-9771-48ba-a1ff-bccb9078c161,chair_03532
c2e0b332-e0b5-4f0a-8596-d87f79a4c15a,chair_08383
0d3dafbe-df06-4413-8756-c9a38481cd17,chair_02475
989e2064-3875-4703-957f-41831ef033fc,chair_09701
1b069faf-0b2b-43ad-b42c-bee75c1e561c,chair_10080
c958a6a0-c401-462a-a101-75dda32310bc,chair_08279
5c216b40-816d-4020-a6af-870e55957928,chair_03146
3bb0553d-3bc1-4205-9aaa-07be333ffb33,chair_09626
788956cc-791a-4deb-8e70-b9da2f2abb6a,chair_09762
ea775575-5cbf-4aee-8ad7-f8021af38140,chair_00671
ebe37ec2-022e-4656-93aa-24330ba618eb,chair_01718
509d1ae8-4e5a-42e0-816c-08f82217465c,chair_06048
56968c16-fa94-4cf8-b608-514d828c44ed,chair_00043
a909951e-0864-41d7-9c13-43cedfe17bee,chair_10920
692fa6c0-cb53-4d37-b1e1-6857fbf533f6,chair_11102
b43df672-3114-47ed-b4cc-81923055001f,chair_06022
d1b58015-429b-4a7f-b35a-9e9602ee64e2,chair_10186
0c857f17-fb2d-4e8e-aa12-a56843884cc0,chair_05725
cea1817f-c2e5-4891-a231-ee30af61228b,chair_04884
8924453a-adbe-4762-acba-2177fac326a7,chair_08030
938337cb-04cf-4960-9605-faf412ff28ca,chair_06977
402b0486-6175-4c59-b2ba-16abbfadf9b2,chair_01289
6e6e28a4-48b6-4b58-8ba7-17b575793b0b,chair_07121
4b9f43e2-5ec8-4ca7-91f3-483862b617b5,chair_09156
0377dae3-8ea4-47c9-996c-c35181283846,chair_00998
23a07403-3f7b-40a5-8ae9-4549479025c9,chair_10291
f85a6188-85d7-4135-a6f2-e8db83913eae,chair_06362
67b435bc-de27-4e55-9683-7acea5573c84,chair_08403
f7bcdc29-5133-4466-940b-5017201a84a3,chair_00565
29b6a0c4-f13e-4aa3-b644-c90618a1b22b,chair_03891
e4b9d9e8-e975-4f6d-bad3-df1b5075c23f,chair_00625
ffec18ba-8662-4910-ad22-8525d054261b,chair_05085
5f3f2935-5752-4fc7-b778-d8a5593c594f,chair_00505
45580a76-e752-4fdb-a708-237502eb388c,chair_00101
e5e613f1-165a-468d-9915-f853237c8aa0,chair_05354
e5406f55-ad3b-471d-a76b-e2faa934f5ea,chair_11177
89d9ead6-b118-4808-8638-218f7baf9c53,chair_11420
2fa12601-b693-47c6-bdad-63abfb593721,chair_04426
da6c6ad5-80d4-4fad-9a18-cc53eeafafb8,chair_06882
1bfda4c3-1a24-4950-a21b-1647dc473674,chair_08533
db6a453f-0070-425a-8923-3c50a60dc117,chair_00278
67154758-5d28-4261-8997-849dcb842716,chair_01299
a56033b7-3dda-4d76-a38b-4935d899113a,chair_11481
5e7d7dda-94df-40d7-980d-2b9830a0a69e,chair_03287
1280eb2d-aa3c-4ef3-8cdb-d8904a4f96bb,chair_01942
97f4f201-4b42-487b-82c8-baa150e19fba,chair_04493
a2d4442f-f5f1-48d7-a18a-6c4b8eb274f4,chair_03461
ef4dcca4-9497-4368-944c-9faf9b22f8a5,chair_03937
a9c2539b-90ed-429b-aa08-e18bb6810562,chair_06821
758292b0-b817-4669-ba05-ac0055de545b,chair_00016
4cb6d7da-098a-4ec8-bf81-a52ec6292576,chair_05861
d3e78ee9-94e3-4f24-8446-85c28e4fb7f5,chair_08088
1e4e780a-e78c-44b2-b5ba-257656aa30b1,chair_04293
690e6582-488f-4e47-96dd-0cd70e168249,chair_03212
73946cb6-4989-4c60-b287-29041dbe21c9,chair_03044
309e5c53-98a1-4cb8-ada1-38e976f53ff0,chair_01678
8aa328e2-1b46-42ed-a4b5-fd761a4da03f,chair_01765
13a9008e-158d-4496-8765-b35b3343204e,chair_01962
537eea80-abdd-4495-92e4-29401147886c,chair_05637
8e5656d1-bd79-49fe-885a-ecb24cba3608,chair_04360
5ba85436-465b-49b9-b509-7483ec87e4fb,chair_09410
2957fcff-3d81-4a5d-9697-7d696d3714fd,chair_05446
ec8b6455-7193-4c8f-a904-2ad6c6aadb64,chair_10150
734adf7d-9b14-47c7-8ddb-d86160aa1acb,chair_10345
6d91b4f2-f121-4ce0-a0b6-76ac80217468,chair_10742
1bda9c1a-c139-463b-afa7-3b986938e1f9,chair_10595
489e298b-3e09-4149-b803-3818f042b5d3,chair_10213
f4fcdfc0-b793-414d-840e-c3fd1df4de43,chair_02131
510757f5-f48d-4ea5-a3ca-1c9a175780bc,chair_09469
804b45d5-0b0d-4a8a-8fde-28909a5ca21d,chair_01344
83a96c05-e68b-4380-af86-1429c981b2e5,chair_11197
84b00e45-b877-4282-9559-acc94cb909b2,chair_07766
83057a4b-6d34-4618-9c9d-3a08707898bc,chair_09753
fcdbf893-cb99-41db-a066-5a6abe8c87f2,chair_01766
76cd971c-1485-4881-83c7-b2b27378b975,chair_09771
d2dfe279-b7d0-4695-ab86-ba879c7ad603,chair_06209
47c17a7a-b7f1-427c-9e57-9968b9cbbda8,chair_10184
af2a80b1-9f63-4b8a-877c-ab93bc154422,chair_10780
81ce20da-3bd3-4ffb-b3a2-8f38ce25e01d,chair_00774
1dfca9e3-66c6-4d6b-936f-9b6a68f16e50,chair_09868
7f23f0db-4d0f-4ece-ad99-018f0a341f81,chair_01089
9224c235-38e9-4e10-8566-cdf8a3986912,chair_03850
bab72775-6e3f-42a1-b703-2efa4a07844f,chair_06215
86e4280b-b9f3-45ba-ace5-11ab5b04179d,chair_04798
fa6e68d9-5737-4536-8a63-50826413c857,chair_01078
f027c49b-0efd-4338-a5b2-b3e1420d90fd,chair_08030
c015b907-fbbd-40bb-8e86-869bd81f5b43,chair_10543
5646dd0b-8476-4855-93eb-e5d5a6d7613b,chair_06821
2305a5c0-94b8-4e43-a8ef-8cd8e72fc0b1,chair_05194
a8b48f73-0688-4169-a2ba-ba520ba64187,chair_11459
25d30e1a-bc82-4497-a503-c11e2be94527,chair_09323
b67089fc-e622-43a2-9220-3717f5ab5a93,chair_02111
af3010d2-c23c-4344-8761-ce01fb19f0d0,chair_00297
f5fe4ee0-8881-4d79-9e0b-15af23f317e8,chair_06040
753cd0cb-86de-41cc-a937-e6ed25fc9555,chair_09404
2016505d-8e1c-4050-b968-9ee778a022de,chair_04959
cb4dc776-7788-46b7-a750-8056dd8addfd,chair_08881
dd089645-252b-46bf-ae33-c17e82440066,chair_10396
113f6c37-03f9-438e-8b8c-c9190339d9d0,chair_03343
e68f5015-b8c0-4522-89b9-1ffd510687d4,chair_06520
85377d69-c452-4fa4-acab-8b8ef92fdd7f,chair_00411
d94d5388-bd94-4d79-980d-65becb27697c,chair_09340
c70535db-9e16-4c43-9a42-f2ec9c3984c3,chair_00448
e3c9b81a-1c6a-4f85-a9f0-a3c0cc79b690,chair_01222
997f6ee6-b6d4-430c-9c26-71a7124e63d5,chair_06891
689b275d-dd40-4096-89cd-889325b45f19,chair_08518
243eb859-ec2b-4baf-96f1-0c3952862b59,chair_00223
cb1c5b6e-60ee-4553-999d-f1e4dcd53c3d,chair_01760
53a84fd3-122d-4bb4-ab70-bc9d29727e47,chair_01346
e2769310-43c5-4b41-b723-226f17256a17,chair_05576
c52e3aa7-a075-4116-9504-d56209450a05,chair_10841
a4ddd1fa-3bd4-443d-9114-1777406288fd,chair_03551
e4a094a7-0bda-474e-be31-2b29fc31eafd,chair_06822
3135805a-be53-43ce-8c8d-1d5fd1f40766,chair_00296
d3b9ad29-ac23-45de-8fe4-a11b88b76e3d,chair_10225
3730a5c0-b4af-4998-90d3-7281c6b3ee53,chair_06308
0f7315bd-2920-4d7b-8914-5740d3e2879f,chair_04784
4f526a03-e50c-4d7f-941a-e22635666a31,chair_03445
694f4970-a344-484a-88d6-0332df338c4a,chair_09970
c9af3ef2-5b99-4121-96fc-0c37f3676c8f,chair_04906
6e944531-7db3-48d0-8fb0-8f6e25d4426f,chair_05963
d46a05f1-a514-40ce-b824-8cb4e317dd8b,chair_10350
872ca77b-545f-4db7-a9e5-8b9ceb2caf52,chair_03205
cda48e65-a301-4fdd-ae68-093e1471bc69,chair_10736
be6ce123-2e5f-480a-b881-e2059d3cae32,chair_04371
c8c16b58-d95d-4879-ac8e-a04d82223318,chair_09958
bd0f06cf-c7b6-464b-a575-d6bb65855416,chair_08076
2bd4cc4d-9c0a-4337-87a5-daea11d74fe0,chair_03401
191f831f-d26e-47d3-a5e1-8c75af411a88,chair_02067
76a2ae86-18f9-44dc-93a4-cfdec627b0a9,chair_00964
9c4e9b9f-c02a-4309-a9b0-dc34c16780cf,chair_00049
d3e6aa5a-0155-40ba-8a2a-2259c428ba0a,chair_09559
4a90c623-b116-456c-9585-38ba21899e0b,chair_06784
9019fa5f-2227-47d9-a3b1-f77b524975f6,chair_00547
60cd578b-3b56-4438-8c90-b1e1fe7bdc51,chair_01910
94784ca4-2586-402e-8885-731747d05876,chair_06089
def14f48-ac58-4119-a6fb-095033ceb313,chair_03219
